символ,кількість,частота
о ,15225,0.021381
а ,12822,0.018006
 п,12089,0.016977
 в,11618,0.016316
и ,11556,0.016228
е ,11551,0.016221
 н,10906,0.015316
 с,10513,0.014764
то,9416,0.013223
 и,7886,0.011075
но,6913,0.009708
 о,6851,0.009621
 к,6851,0.009621
я ,6693,0.009399
ь ,6634,0.009316
ст,6572,0.009229
по,6520,0.009156
на,6506,0.009137
не,6259,0.008790
ал,6136,0.008617
 т,6083,0.008543
ко,5984,0.008404
й ,5760,0.008089
л ,5637,0.007916
ро,5635,0.007913
го,5411,0.007599
ра,5359,0.007526
м ,5319,0.007470
ла,5314,0.007463
ка,5034,0.007069
ни,4996,0.007016
ов,4920,0.006909
в ,4875,0.006846
у ,4749,0.006669
пр,4618,0.006485
ер,4606,0.006468
 б,4554,0.006395
во,4481,0.006293
ва,4474,0.006283
ен,4443,0.006239
ол,4437,0.006231
ли,4434,0.006227
ло,4416,0.006202
от,4402,0.006182
ор,4378,0.006148
ил,4363,0.006127
 м,4213,0.005916
ел,4212,0.005915
т ,4126,0.005794
те,4059,0.005700
ом,4024,0.005651
ве,3995,0.005610
ре,3987,0.005599
та,3965,0.005568
ри,3959,0.005560
ос,3955,0.005554
за,3887,0.005459
 д,3829,0.005377
он,3764,0.005286
 ч,3685,0.005175
ан,3613,0.005074
ет,3584,0.005033
ат,3435,0.004824
 з,3324,0.004668
ть,3223,0.004526
 г,3211,0.004509
од,3196,0.004488
ле,3164,0.004443
ар,3100,0.004353
ог,3079,0.004324
к ,3055,0.004290
ак,3024,0.004247
да,2979,0.004184
 у,2905,0.004080
ес,2888,0.004056
ит,2885,0.004052
ас,2862,0.004019
 р,2831,0.003976
ск,2767,0.003886
аз,2753,0.003866
де,2742,0.003851
ы ,2716,0.003814
ой,2711,0.003807
че,2694,0.003783
ся,2666,0.003744
ну,2654,0.003727
ем,2594,0.003643
ма,2546,0.003575
ви,2505,0.003518
ль,2490,0.003497
ти,2439,0.003425
сь,2436,0.003421
н ,2393,0.003361
до,2316,0.003252
ин,2299,0.003229
ны,2271,0.003189
ме,2211,0.003105
ам,2206,0.003098
нн,2205,0.003097
чт,2166,0.003042
об,2117,0.002973
же,2105,0.002956
х ,2097,0.002945
се,2096,0.002943
ег,2084,0.002927
 а,2079,0.002920
с ,2077,0.002917
мо,2065,0.002900
ис,2064,0.002899
ки,2052,0.002882
 л,2031,0.002852
тр,2028,0.002848
ед,1998,0.002806
ми,1994,0.002800
 е,1986,0.002789
ив,1963,0.002757
бы,1949,0.002737
ик,1902,0.002671
ю ,1872,0.002629
вы,1855,0.002605
со,1851,0.002599
ок,1811,0.002543
им,1800,0.002528
ру,1772,0.002488
сл,1755,0.002465
ав,1754,0.002463
эт,1715,0.002408
 э,1705,0.002394
бе,1648,0.002314
ча,1595,0.002240
ад,1591,0.002234
из,1559,0.002189
ул,1555,0.002184
ку,1552,0.002180
га,1522,0.002137
пе,1510,0.002121
ая,1507,0.002116
вс,1505,0.002114
кр,1497,0.002102
ев,1483,0.002083
ше,1463,0.002055
ди,1410,0.001980
ту,1399,0.001965
лс,1397,0.001962
бо,1379,0.001937
тв,1373,0.001928
дн,1371,0.001925
ыл,1360,0.001910
ей,1319,0.001852
 ж,1302,0.001828
ши,1283,0.001802
си,1281,0.001799
уд,1279,0.001796
ый,1267,0.001779
хо,1265,0.001776
му,1226,0.001722
ич,1218,0.001710
оч,1213,0.001703
з ,1203,0.001689
са,1185,0.001664
па,1185,0.001664
ие,1177,0.001653
ий,1152,0.001618
сп,1145,0.001608
 я,1125,0.001580
ож,1111,0.001560
чи,1102,0.001548
р ,1091,0.001532
ое,1087,0.001527
гл,1082,0.001519
ут,1073,0.001507
ид,1055,0.001482
св,1051,0.001476
оз,1050,0.001475
д ,1046,0.001469
ду,1036,0.001455
их,1025,0.001439
ек,1006,0.001413
ты,1001,0.001406
ня,994,0.001396
ез,984,0.001382
зн,981,0.001378
оп,955,0.001341
ры,949,0.001333
ля,938,0.001317
жа,937,0.001316
лу,925,0.001299
ее,919,0.001291
гр,910,0.001278
мн,899,0.001262
пи,892,0.001253
тн,887,0.001246
ще,886,0.001244
ьн,886,0.001244
ым,881,0.001237
бу,865,0.001215
ус,850,0.001194
уж,849,0.001192
еп,842,0.001182
ят,831,0.001167
жи,804,0.001129
ах,799,0.001122
 х,789,0.001108
ир,787,0.001105
ае,784,0.001101
зв,775,0.001088
аж,773,0.001086
бр,761,0.001069
еч,749,0.001052
 ш,747,0.001049
щи,731,0.001027
ша,725,0.001018
ря,722,0.001014
рг,721,0.001013
ую,707,0.000993
ия,705,0.000990
иц,691,0.000970
ур,688,0.000966
др,686,0.000963
рн,680,0.000955
вш,678,0.000952
ба,678,0.000952
ук,671,0.000942
уг,661,0.000928
ум,660,0.000927
рт,657,0.000923
сс,655,0.000920
ач,655,0.000920
нь,654,0.000918
дв,651,0.000914
ьк,643,0.000903
аг,640,0.000899
гд,640,0.000899
пл,637,0.000895
ые,636,0.000893
вн,626,0.000879
ке,616,0.000865
сн,613,0.000861
еб,613,0.000861
зд,612,0.000859
лы,610,0.000857
ап,610,0.000857
нд,607,0.000852
ых,595,0.000836
ух,592,0.000831
ыв,591,0.000830
це,591,0.000830
ял,577,0.000810
нт,576,0.000809
кл,574,0.000806
пу,568,0.000798
аш,561,0.000788
тс,554,0.000778
чн,553,0.000777
ье,550,0.000772
ош,548,0.000770
еж,540,0.000758
яс,539,0.000757
су,533,0.000749
 ф,520,0.000730
аю,520,0.000730
тк,512,0.000719
жд,510,0.000716
ув,510,0.000716
ьс,500,0.000702
мы,496,0.000697
уш,492,0.000691
лю,481,0.000675
кн,480,0.000674
уч,480,0.000674
ыс,472,0.000663
би,469,0.000659
ои,469,0.000659
ву,463,0.000650
еш,463,0.000650
зо,461,0.000647
кт,458,0.000643
уб,452,0.000635
ца,449,0.000631
ги,448,0.000629
жн,448,0.000629
зе,447,0.000628
рь,443,0.000622
уп,438,0.000615
вр,434,0.000609
см,422,0.000593
вл,416,0.000584
ещ,412,0.000579
ай,410,0.000576
ха,404,0.000567
бл,404,0.000567
иб,399,0.000560
яд,392,0.000550
аб,390,0.000548
ян,387,0.000543
кв,384,0.000539
ыт,382,0.000536
ч ,380,0.000534
дь,373,0.000524
мя,367,0.000515
г ,363,0.000510
оя,358,0.000503
фе,358,0.000503
ыш,355,0.000499
иш,353,0.000496
ун,353,0.000496
нс,350,0.000492
чк,349,0.000490
зи,349,0.000490
иг,348,0.000489
рв,346,0.000486
ды,346,0.000486
ии,343,0.000482
ох,343,0.000482
гу,343,0.000482
ге,341,0.000479
чу,340,0.000477
вь,339,0.000476
ющ,334,0.000469
лн,327,0.000459
рш,318,0.000447
тя,317,0.000445
яв,316,0.000444
ща,314,0.000441
шл,305,0.000428
лл,304,0.000427
зу,302,0.000424
дл,299,0.000420
вз,294,0.000413
дя,293,0.000411
ио,287,0.000403
ою,284,0.000399
рк,282,0.000396
лк,282,0.000396
ех,280,0.000393
шк,278,0.000390
гн,277,0.000389
шу,276,0.000388
зы,272,0.000382
шн,271,0.000381
пя,270,0.000379
йс,264,0.000371
ящ,263,0.000369
йн,260,0.000365
тч,254,0.000357
дс,254,0.000357
ц ,248,0.000348
зл,245,0.000344
ащ,243,0.000341
шь,239,0.000336
фи,238,0.000334
ец,235,0.000330
пы,235,0.000330
ью,234,0.000329
хн,233,0.000327
бя,230,0.000323
ьш,229,0.000322
сы,228,0.000320
сч,226,0.000317
бн,225,0.000316
хи,223,0.000313
ям,219,0.000308
нц,216,0.000303
дк,214,0.000301
оф,214,0.000301
ип,211,0.000296
аи,209,0.000294
вт,204,0.000286
ци,202,0.000284
уз,198,0.000278
фа,195,0.000274
йт,195,0.000274
зг,194,0.000272
вд,192,0.000270
мс,192,0.000270
ж ,188,0.000264
зр,184,0.000258
нк,184,0.000258
цо,183,0.000257
рд,183,0.000257
 ц,183,0.000257
ыб,182,0.000256
рл,182,0.000256
ья,182,0.000256
вя,182,0.000256
яз,182,0.000256
пн,181,0.000254
чь,181,0.000254
сд,178,0.000250
рю,178,0.000250
ущ,178,0.000250
ыр,177,0.000249
иж,176,0.000247
ию,174,0.000244
фо,174,0.000244
шо,172,0.000242
ют,172,0.000242
зм,167,0.000235
юд,166,0.000233
вк,165,0.000232
иа,163,0.000229
рж,162,0.000228
ьм,160,0.000225
ощ,157,0.000220
вп,153,0.000215
тл,151,0.000212
лж,151,0.000212
рх,150,0.000211
дц,150,0.000211
ык,143,0.000201
ьт,143,0.000201
еи,142,0.000199
як,142,0.000199
зя,142,0.000199
дт,141,0.000198
хр,140,0.000197
ищ,140,0.000197
уф,139,0.000195
рм,139,0.000195
лт,138,0.000194
ео,138,0.000194
б ,138,0.000194
оо,138,0.000194
аф,132,0.000185
жу,132,0.000185
фр,132,0.000185
ху,131,0.000184
рч,131,0.000184
мл,129,0.000181
ею,127,0.000178
ср,124,0.000174
уе,124,0.000174
нщ,123,0.000173
йш,122,0.000171
ея,122,0.000171
мп,122,0.000171
юс,121,0.000170
зб,121,0.000170
нч,119,0.000167
юб,119,0.000167
хв,118,0.000166
йч,118,0.000166
хл,116,0.000163
рс,114,0.000160
еу,114,0.000160
дш,114,0.000160
бк,113,0.000159
ъя,113,0.000159
ню,112,0.000157
яч,111,0.000156
цы,111,0.000156
цу,110,0.000154
ын,108,0.000152
ыч,108,0.000152
пт,108,0.000152
тд,107,0.000150
ях,105,0.000147
уй,104,0.000146
бъ,104,0.000146
щу,102,0.000143
яю,101,0.000142
жк,100,0.000140
оэ,100,0.000140
кс,99,0.000139
 щ,99,0.000139
ып,96,0.000135
сш,95,0.000133
лч,94,0.000132
зь,93,0.000131
сх,93,0.000131
яя,93,0.000131
еа,93,0.000131
бщ,92,0.000129
дм,92,0.000129
йк,86,0.000121
оц,86,0.000121
ьз,86,0.000121
иу,86,0.000121
яж,85,0.000119
ьц,84,0.000118
еф,84,0.000118
вм,83,0.000117
лг,81,0.000114
юч,81,0.000114
зк,80,0.000112
ъе,79,0.000111
вв,79,0.000111
мк,77,0.000108
вч,77,0.000108
ьд,76,0.000107
уа,73,0.000103
дп,72,0.000101
ыг,72,0.000101
йд,71,0.000100
ыд,70,0.000098
яг,69,0.000097
шт,68,0.000095
сю,67,0.000094
нг,67,0.000094
мр,67,0.000094
яе,66,0.000093
яр,65,0.000091
пк,64,0.000090
фл,63,0.000088
уя,63,0.000088
зж,62,0.000087
пь,62,0.000087
мм,60,0.000084
йц,59,0.000083
бс,58,0.000081
лб,56,0.000079
сц,56,0.000079
иф,55,0.000077
тп,55,0.000077
ау,54,0.000076
мг,54,0.000076
ш ,53,0.000074
ыз,53,0.000074
гк,53,0.000074
ьг,53,0.000074
ыж,52,0.000073
ац,51,0.000072
тю,50,0.000070
дб,50,0.000070
сб,50,0.000070
нф,49,0.000069
мв,49,0.000069
рб,48,0.000067
чр,47,0.000066
лд,47,0.000066
рц,47,0.000066
юх,47,0.000066
дч,46,0.000065
шв,46,0.000065
хе,45,0.000063
чо,45,0.000063
цв,45,0.000063
рп,45,0.000063
пп,44,0.000062
юм,43,0.000060
ьи,42,0.000059
юю,41,0.000058
яп,41,0.000058
хм,41,0.000058
лп,41,0.000058
 ю,41,0.000058
хг,41,0.000058
дъ,40,0.000056
нз,40,0.000056
оу,40,0.000056
тф,40,0.000056
щн,39,0.000055
жо,38,0.000053
лм,38,0.000053
дж,37,0.000052
фу,37,0.000052
чш,37,0.000052
ьч,36,0.000051
п ,35,0.000049
тт,35,0.000049
гч,35,0.000049
кж,34,0.000048
шп,34,0.000048
яй,34,0.000048
рз,33,0.000046
юр,33,0.000046
бм,32,0.000045
мь,32,0.000045
хс,32,0.000045
яц,30,0.000042
жл,29,0.000041
рщ,29,0.000041
нр,28,0.000039
вх,28,0.000039
ьб,28,0.000039
ьв,28,0.000039
йм,27,0.000038
сж,27,0.000038
цр,27,0.000038
юк,26,0.000037
ф ,26,0.000037
вц,26,0.000037
рр,26,0.000037
жч,25,0.000035
пс,24,0.000034
юн,24,0.000034
щ ,24,0.000034
дх,24,0.000034
ао,23,0.000032
бь,23,0.000032
юш,23,0.000032
фы,22,0.000031
эк,22,0.000031
нв,21,0.000029
лз,21,0.000029
пю,21,0.000029
тм,20,0.000028
бх,20,0.000028
сг,19,0.000027
мч,19,0.000027
съ,19,0.000027
юл,19,0.000027
яи,19,0.000027
кц,18,0.000025
чл,18,0.000025
яш,17,0.000024
хш,17,0.000024
лв,17,0.000024
жб,17,0.000024
эх,17,0.000024
тб,17,0.000024
кк,16,0.000022
фс,16,0.000022
бв,15,0.000021
уи,15,0.000021
пч,15,0.000021
зъ,15,0.000021
зз,15,0.000021
яб,15,0.000021
эл,15,0.000021
жс,15,0.000021
сф,15,0.000021
щь,15,0.000021
вг,14,0.000020
гт,14,0.000020
сз,13,0.000018
жь,13,0.000018
йщ,13,0.000018
бг,13,0.000018
юц,12,0.000017
вщ,12,0.000017
бю,12,0.000017
фт,12,0.000017
пш,12,0.000017
юв,12,0.000017
эн,12,0.000017
тц,12,0.000017
ыц,11,0.000015
э ,11,0.000015
ыя,11,0.000015
уэ,11,0.000015
кз,11,0.000015
зч,10,0.000014
жг,10,0.000014
цк,10,0.000014
эс,10,0.000014
аэ,10,0.000014
лш,10,0.000014
фь,10,0.000014
зс,9,0.000013
йл,9,0.000013
ьф,9,0.000013
вб,8,0.000011
эр,8,0.000011
дд,8,0.000011
гм,8,0.000011
кш,8,0.000011
дг,8,0.000011
фф,8,0.000011
бж,8,0.000011
нж,8,0.000011
тх,8,0.000011
лф,8,0.000011
мш,8,0.000011
яу,8,0.000011
ьп,8,0.000011
йг,8,0.000011
бб,8,0.000011
эм,7,0.000010
 й,7,0.000010
мб,7,0.000010
эй,7,0.000010
дз,7,0.000010
жж,7,0.000010
йб,7,0.000010
ьщ,7,0.000010
дю,7,0.000010
уц,6,0.000008
жм,6,0.000008
гс,6,0.000008
оа,6,0.000008
йо,6,0.000008
юг,6,0.000008
хъ,5,0.000007
бш,5,0.000007
мц,5,0.000007
ыщ,5,0.000007
шм,5,0.000007
эф,5,0.000007
бд,5,0.000007
хк,5,0.000007
хт,5,0.000007
яф,5,0.000007
въ,5,0.000007
цл,4,0.000006
лх,4,0.000006
тш,4,0.000006
аа,4,0.000006
ьо,4,0.000006
йя,4,0.000006
тщ,4,0.000006
тъ,4,0.000006
шр,4,0.000006
юж,4,0.000006
бч,4,0.000006
нб,4,0.000006
мф,3,0.000004
уу,3,0.000004
уо,3,0.000004
эз,3,0.000004
нш,3,0.000004
зт,3,0.000004
бт,3,0.000004
эп,3,0.000004
ьэ,3,0.000004
чм,3,0.000004
пц,3,0.000004
жр,3,0.000004
рф,3,0.000004
тз,3,0.000004
що,3,0.000004
км,2,0.000003
цт,2,0.000003
кх,2,0.000003
зш,2,0.000003
эг,2,0.000003
хэ,2,0.000003
кч,2,0.000003
гв,2,0.000003
иэ,2,0.000003
цц,2,0.000003
тг,2,0.000003
ыи,2,0.000003
жт,2,0.000003
сщ,2,0.000003
мт,2,0.000003
щр,2,0.000003
мэ,2,0.000003
мщ,2,0.000003
йф,2,0.000003
сэ,1,0.000001
гз,1,0.000001
юф,1,0.000001
юз,1,0.000001
бц,1,0.000001
хб,1,0.000001
лэ,1,0.000001
чв,1,0.000001
зю,1,0.000001
хх,1,0.000001
ьж,1,0.000001
фн,1,0.000001
лщ,1,0.000001
бз,1,0.000001
гш,1,0.000001
юя,1,0.000001
